{
    "rmse": 0.8048673769549506,
    "mae": 0.6604243991004074,
    "r2": 0.008713563630636023
}